RA,DEC
134.8344427850505,-73.50227502309328
342.2571503075698,70.02130012267995
263.51781905210584,41.67352511328367
215.5170543109332,-35.12216966480768
56.16671055927715,-39.52018838155797
56.158027321032954,-39.28594162348502
20.910100380551807,-23.048832029528327
311.82341247897665,2.8380384895288064
216.40140422755516,-7.822808543619615
254.90612800657638,-24.679482971994908
